/biz/coin,biz,
0xBitcoincash,0xBCH,0xbitcoincash.io
0xcert,ZXC,0xcert.org
12,cv31 2ny,
1776,https://github.com/1776Token/1776,
1CRedit,1CR,coinmarketcap.com
2chcoin,2ch,
4New,KWATT,4new.io
66coin,66,
8coin,,
99cents,,
ALADIN COIN,AIC,aladincoins.com
ALAX,ALX,alax.io
ALL.ME,ME,bitcointalk.org
AMLOve,AMLOvecoin,amlovecoin.org
APEX,APEX,coinmarketcap.com
ARBITRAGE,ARB,arbitraging.co
ATBcoin,ATBCoin,atbcoin.com
ATC Arbitracoin,ARC,arbitracoin.com
ATC coin,ATC,atccoins.com
ATMChain,ATM,atmchain.io
ATRONOCOM,ATROM,atronocom.io
Abulaba,AAA,abulaba.co
Achain,ACT,achain.com
Achievecoin,ACH,achievecoin.org
Acros,ACRO,
Adrenaline Coin,ADN,adrenalinecoin.org
Adrenaline,ADN,
AeroCoin,,
Agrolot,AGLT,
AiOtoken,AIO,aio.network
Aiden,ADN,coinmarketcap.com
AirPorn,XXX,airporn.io
Aircoin,AIR,
Aladin Coin,AIC,aladincoins.com
Alcohoin,ALC,
Alicoin,ALI,
AlienCoin,ALN,
AllAgesCoin,,
AllCoinGuru,CGUR,
Allahcoin,,
Allsafe,Asafe2,
Alpencoin,ANN,coinist.io
AlphaOmegaCoin,AOC,
Alphacoin,ALF,
Altrocoin,,
AmKoin,AMK,
AmeriCoin,,
AmericanCoin,AMC,
Amero,AMX,getamero.com
AmherstCollege,AMH,amherst.edu
AmigaCoin,AGA,cryptocurrencytalk.com
AminaCoin,,
Anatomia,ANT,anatomia.co
AnthonyLogozzo,ANT,bitcointalk.org
Apecoin,APE,
AphroditeCoin,APH,
Apollocurrency,APL,apollocurrency.com
Appcoin,APP,
Appian,APP,appian.io
AppleByte,ABY,
Arbitraging,ARB,arbitraging.co
ArchCoin,ARCH,coinmarketcap.com
Areszcoin,ARC,
Arkhash,ARK,
Armoredcoin,,
Artax,XAX,artaxcoin.org
Aspect,ASP,bitcointalk.org
AssPennies,ASS,bitcointalk.org
Assetereum,ASET,assetereum.io
Asstoken,ASS,reddit.com
AstroCoin,ASR,
Auroracoin,AUR,auroracoin.is
AurumCoin,AU,aurumcoin-au.com
AustraliaCoin,AUS,
AyCoin,AYC,
B3Coin,KB3,b3coin.io
BADGERCOIN,BDG,
BBX Coin,BBX,bbxcoins.com
BCASH,BCH,bitcoin.com
BELANCE,BEL,
BETH,BTH,beth.jp
BIG Bullion,BIG,coinmarketcap.com
BITCOINNODE,BTN,btnodes.online
BITGOLD,BITGOLD,bitcointalk.org
BLUE PROTOCOL,BLUE,
BOON TECH,BOON,boontech.ai
BOONTECH,BOON,boontech.ai
BRIG,BRIG,
BTCTalkCoin,BCC,
BUTT-Coin,BUTT,butt-coin.com
Babycoin,BBC,
BaconBitsCoin,YUM,
Badcoin,BAD,
Bankera,BNK,bankera.com.
Banxshares,Banx,banxshares.com
Basecoin,,
BatCoin,BAT,
Bchsv,Bchsv,
BeaoCoin,BEC,
Bears,BRS,bearshares.com
Beatlecoin ,BEA,
Beatlecoin,BEA,
BeaverCoin,BVC,coinmarketcap.com
BeeCoin,BEE,
BeerCoin,BEER,
Befund,bfdt,befund.io
Beldex,BDX,beldexcoin.com
BeliCoin,BELI,
BellaCoin,BELA,
Bells,BEL,
BestCoin,BSC,
Beth,BTH,beth.jp
Bethereum,BTHR,bethereum.com
Betrium,BTRM,betrium.ga
BiNeuro,BNR,chasing-coins.com
BigCoin,BGI,
Billaume,BLL,
Binarycoin,BIC,
Birdcoin,BRD,
Bismuth,BIS,
Bit Degree,BDG,
BitAI,BITAI,bitainetwork.com
BitCOEN,BEN,bitcoen.io
BitCheke,BCK,bitcheke.com
BitConnect,BCC,coinmarketcap.com
BitNowCoin,3P3KmcwQPmQfAqcq2hNcTxmzZfaHrp6rf6e,bitnowcoinn.rf.gd
BitQy,BQ,BitQy.org
BitStar ,BITS,
BitStar,BITS,
BitZeny,ZNY,coinmarketcap.com
Bitair,BTCA,bitair.io
Bitalgo,ALG,bitalgo.co
Bitcedi,BXC,bitcedi.org
Bitcoal,COAL,bitcoal.io
Bitcogne,BGN,bitcogne.fr
Bitcoin Cash,BCH,bitcoin.com
Bitcoin Cash,BCH,bitcoincash.org
Bitcoin Diamond,BCD,btcd.io
Bitcoin Game,Bgame,bitcoingame.store
Bitcoin Platinum,BTP,archive.is
Bitcoin Private,BTCP,btcprivate.org
Bitcoin Private,Btcp,
Bitcoin Red,btcred,bitcoinred.io
Bitcoin SV,BSV,
Bitcoin Token,BTK,btk.community
Bitcoin World,BTW,
Bitcoin,1,bitcoin.com
Bitcoin,1,blockchain.com
Bitcoin2,BTC2,
Bitcoin2.0,,
Bitcoin3.0,,
BitcoinDark,BTCD,twitter.com
Bitcoincrown,BTCC,bitcoincrowncoin.com
Bitconnect,bcc,bitconnect.co
Bitconnect.co,BCC,coinmarketcap.com
Bitconnectx,BCCX,bitconnectx.co
Bitcredits,,
Bitdeal,BDL,bitdeal.com
Bitdepositary,BDT,bitdepositary.io
BiteCoin,,
Bitexpro,BTX,bitexpro.org
Bitgold,,
Bithire,HIRE,coinmarketcap.com
Bitinium,BTN,
Bitland,,
Bitleu,BTL,
Bitmiles,BTMI,
Bitmillion,BTM,bitmillion.org
Bitpaction,bps,bitpaction.com
Bitpeso,BTP,
Bitpug,,
Bitquark,BTQ,
Bitqy,Bitqy,bitcoinexchangeguide.com
Bitraam,BRM,
Bitway Network,BTWN,bitway.network
Biyanzu,Byz,biyanzu.io
BlakeBitcoin,BBTC,
Blazecoin,BLZ,
Blitzcoin,BLTZ,
BlobbyCoin,,
BlockV,VEE,blockv.io
Blockbroker,BKBK,blockbroker.me
Blockchain Development Company,BCDC,bcdc.online
Blockmesh,BMH,blockmesh.io
Blockshares,BKS,coinmarketcap.com
Bluechip,BCH,
Blur,BLUR,blur.cash
BogCoin,,bogcoin.org
Boleno,BLN,bolenum.com
Bones,BONES,
BonusCoins,BNS,
Boomcoin,BMC,
Boringcoin,,
Bosscoin,BOS,
Boule,BOU,etherscan.io
Bountycoin,BOC,
Boxxycoin,boxx,
Boycoin,BOY,
BrasilCoin,BRAC,
Britcoin,BRIT,coinmarketcap.com
Brokebackmountaincoin,,
BrynerCoin,BRY,bryner.tech
Btlux Coin,BTLUX,bitcoinlux.info
Bubbletone,UMT,
Budbo,BUBO,budbo.io
BullandBear,BB,crex24.com
Bumbacoin ,CLOT,
Bumbacoin,CLOT,
Burbucoin,BUR,
Burstcoin,BURST,cryptoiq.co
ButterflyCoin,BUR,
Buxcoin,Bux,
Bytecoin,BCN,bytecoin.org
Bytecoin,BCN,rethory.com.ar
Bytether,BTH,bitcointalk.org
Bytom,BTM,coinmarketcap.com
CHM,0xb4ec121eb68647b13b60dee2686ddd5f2973e47f,choicemining.com
CHNcoin,CHN,
CODE47,C47,bitcointalk.org
COGNX,0x74fe5f01f6f82e6feddacad6c0f09cf6933c43de,cognx.co.in
COSS,COSS,
CRYPTONITY,XNY,cryptonity.io
Cagecoin,CAGE,
Californiacoin,CAC,
Cancercurecoin,CCC,
Cannabis Industry Coin,XCI,coinmarketcap.com
Cannacoin,,
Capital Expanse,CAPX,capitalexpanse.net
Capitalcoin,CPTL,
Cappasity,CAPP,coinmarketcap.com
Capra,CPRA,www.capracoin.website
CarinCoin,CRC,carincoin.com
Carpe Diem Coin,DIEM,reddit.com
Cartaxi,CTX,cartaxi24.com
Cashaa,CAS,cashaa.com
Cashless Pay Group,CPG,cashlesspaygroup.com
CataloniaCoin,CATC,
Catedoge,,
Centra,CTR,centra.tech
Centrality,cennz,centrality.ai
ChainTrade Token,CTT,chaintrade.net
Chaintrade,Chaintrade,chaintrade.net
Championcoin,,
ChanCoin,4CHN,coinmarketcap.com
Chancoin,4CHN,coinmarketcap.com
Changepro,Changepro,changepro.io
Charitycoin,CHA,
Charnacoin,Cryptonight,charnacoin.com
Chaucha,CHA,chaucha.cl
Chichicoin,UUC,
Chicoin,CHI,
Chococoin,CCC,
ChoomCoin,,
ChuckCoin,,
Citizencoin,CTZ,
Civitas,CIV,civitascoin.com
Clashic,BCHC,
Cleverhash,CHASH,coinmarketcap.com
ClitCoin,CLI,bitcointalk.org
ClockCoin,,
Clockwisecoin,,
Cloud token,CTO,cloudtokenwallet.com
CloudCoin,CDC,
Cloudwithme,CLD,cloudwith.me
Clout,CLC,clout.io
Cnote,CNOTE,
CoEval,COE,prnewswire.com
CoFoundIt,CFI,cofound.it
Cobinhood,COB,
Cococoin,COCO,
Coffeecoin,CFC2,
Cofound.it,CFI,cofound.it
Coiledcoin,,
Coin,COIN,
Coin2.0,NC2,
CoinJanitor,coinj,coinjanitor.io
CoinOil,COIL,coinoil.io
Coincoin,CC,
Coino,CON,
Cointed,CTD,cointedtoken.com
Coinye,KCN,wikipedia.org
CoinyeCoin,COYE,
ColbertCoin,CC,
CollegeCoin,,
Cometcoin,,
Commodity Ad Network,CDX,commodityadnetwork.com
Compasscoin,CPC,
ConcardCoin,CCC,concardcoin.io
Confido,CFD,coinmarketcap.com
ConnectX,,connectx.com
Conspiracycoin ,CYC,
Content Neutrality Network,CNN,
Cooperationcoin,COOP,
Coppay,COP,coppay.io
CopperBars,CPR,
Copperlark,CLR,copperlark.com
CopyCoin,COPY,
Copytrack,CPY,
Corex,Cor,
CosmosCoin,CMC,
Cotton Coin,COTN,cottonco.in
Counterpart,XCP,
CraftCoin,CRC,craftcoin.net
Crapcoin ,CRAP,
Crapplecoin,,
Crave,CRAVE,crave.cc
Credence Coin,CRDNC,credence-coin.com
Credits,CRD,
Credits,CS,credits.com
Creds,XXC,
Crimsoncoin,CRM,
Cropcoin,CROP,cropcoin.net
Cross Generation Coin,XGC,
CrowdCoin,CRC2,crowdcoin.site
Crown Service (CNSC),CNSC,crownservice.io
Crown Service,CNSC,crownservice.io
Crypterium,CRPT,crypterium.com
Crypti,XCR,bitcointalk.org
CryptoApples,CRA,
CryptoEagle,CREA,
CryptoEscudo,CESC,
CryptoGoldCoin (CGC),0xb8dc4140d627d00e8a3c933660bc5ec83ba61718,cryptogoldcoin.io
CryptoLoot,LOOT,
CryptoMeth,METH,
CryptoSecure,SECURE,cryptosecure.com
CryptoStuds,,
CryptoTradersCash,CTRS,cryptotraderscash.org
Cryptobits,CYB,
Cryptobuck,BUK,
Cryptographic Anomaly,CGA,
Cryptokami,Kami,cryptokami.com
Cryptonia Poker,CPC,cryptonia.poker
Cryptonium,CRN,
Cryptoping,PING,cryptoping.tech
Cryptowurly,CWC,
Cthulhucoin,OFF,
Cubits,QBT,
CuntCoin,,
Cyber Movie Chain,CMCT,cybermoviechain.io
Cyclecoin,CCC,
Cyder,CYDER,cydercoin.com
Cypherfunk,FUNK,
Czech Crown Coin,ccc,bitcointalk.org
DAOstack,GEN,daostack.io
DELTA,DLT,coinmarketcap.com
DITCOIN,DIT,ditcoin.io
DRIP,DRIP,bitcointalk.org
DT Token,DRACO,coinmarketcap.com
DV7,DV7,dv7coin.com
DV8,DV8,
DVX coin,DVX,dvx-revolution.net
DYOR,DYOR,bitcointalk.org
Dacxi DAC coin,0xbf41f10ebef3dd7d2e6b6b7279840b060a6f58d2,dacxi-ico.com
Dacxi,DAC,dacxi.com
Dagcoin,DAG,successfactory.com
Daifuture,Cell,daifuture.org
Daps,Daps,dapscoin.com
Darex Travel,DART,darextravel.com
Darkshibe,DSB,bitcointalk.org
Das,DAS,coinmarketcap.com
DasCoin,DASC,dascoin.com
DasCoin,DSC,dascoin.com
Dashcoin,DSH,dashcoin.info
Datecoin,DTC,datecoin.io
Davorcoin,DAV,coinmarketcap.com
Dead coin,Dead,google.com
Dead,chalisa,
Decentralized ID,DID,
Decentralized ID,DID,decentralized.id
Decentralized Learning Token,DLT,etherscan.io
Decenturion,DCNT,decenturion.com
Deflationcoin,DFX,deflacoin.com
Delectrum,DLTR,
DeleteCoin,DEL,
Delizia,DELIZ,deliziaproject.com
DemonCoin,DMC,github.com
Denarius,DRS,
Dentacoin,DCN,dentacoin.com
Desire,DSR,desire-crypto.com
Detacoin,,
Detector token,DTCT,
Dether,DTH,dether.io
DigiEuro,DEUR,
Digital Commerce,DCM,
DigitalNote,XDN,digitalnote.org
DigitexFutures,DGTX,digitexfutures.com
DilmaCoin,HUE,bitcointalk.org
DimonCoin,FUDD,ethplorer.io
Dirac,XDQ,
Direct Coin,XDRC,directcoin.online
DirhamCoin,AED,dirhamcoin.com
Dishercoin,,
Divi Project,DIVX,diviproject.org
Divinum,DVC,twitter.com
Dix Asset,DIX,coinmarketcap.com
Dobbscoin,BOB,
DodoCoin,,
DogeCoin,doge,dogecoin.com
Dogecoin,DOGE,
Dogefather,DGTR,dogefather.com
Doggcoin,,
Dokdocoin,DOKDO,archive.org
Dollarpounds,DPZ,
Domecoin,DOME,
Donationcoin,DON,
Dootron (DOO),TRC-20,dootron.com
Dopecoin,DOPE,
Dorado,DOR,bitcoinsmantra.com
Doubloons,DBL,
Dougcoin,DOUG,
Dragoncoin,DNC,
Dropil,DROP,dropil.com
Droplex,DROP,etherscan.io
Dubai Coin,DBIX,arabianchain.org
Dubloonz,DBZ,github.com
Dubstepcoin,WUBS,
DuckDuckCoin,DUCK,
DuckieCoin,,
Dvorakcoin,DVK,
E-Gold,,
EAZY,EAZY,eazy.online
EKrona,KRN,
ELASTOS,ELA,elastos.org
ELIQA,ELIQA,eliqa.io
EOS,EOS,
EOS,EOS,eos.io
EOS,EOS,www.eos.io
EQUOS,EQUOS,sidera.io
ESR Wallet,ESR,
ETHERCONNECT,DISC,etherconnect.io
EToken,ETOK,
EZCoin,EZC,
EZOOW,EZW,ezoow.com
Eaglecoin,EGC,
Earthcoin,EAC,earthcoin.io
Ecocoin,ECO,
EdisonX3,,
Eigencoin,EIGC,eigencoin.co
Elastos,ELA,elastos.org
Electra,ECA,electraproject.org
Electriccoin,VOLT,
Electrify.Asia,ELEC,electrify.asia
Electron ,ELT,
Electron,ELT,
Electronero Pulse,ETNXP,electronero.org
Electronero,ETNX,electronero.org
Electroneum Classic,ETNC,electroneum-classic.com
Electroneum,ETN,coinmarketcap.com
Electroneum,ETN,electroneum.com
Electroneum-Classic,ETNC,electroneum-classic.com
Electronic Benefit Transfer,EBT,
Electronic Dollar,EDL,edollar.cash
Electronic Gulden,EFL,
ElektraCoin,EKA,
Elephantcoin,ELP,
EliteShipperToken,ESHIP,bitcointalk.org
Elitetreum,ELT,elitetreum.com
Elya coin,Elya,cryptocurrency-advisors.com
Elysian,ELY,elycoin.io
Embargocoin,EBG,
Embercoin,EMB,reddit.com
Emerald,EMD,
Emercoin,1103,emercoin.com
Empowr Coin,EMPR,empowr.com
Empowr coin,(Empr) and new (empro),empowr.com
Empowr,EMPR,empowr.com
EmuCoin,EMU,
Encrypex,Encrypex,encrypex.online
Endtimes Network,END,endtimes.io
Entropycoin,ENC,
Envion,EVN,envion.org
Eoncoin,EON,
Eos,EOS,eos.io
Eqitii,EQTI,eqitii.com
Equestrianbit,EQB,
Equinox,EQ,bitcointalk.org
Equitrader,EQT,equitrader.co
Ermahgerdcern,EMG,
ErnToken,ERN,erntoken.io
Eros Vision,ERS,reddit.com
Espers,ESP2,
Essentia One,ESS,essentia.one
Eterbase Coin,xbase,eterbase.com
Eternalcoin,,
Ether 1,ETHO,ether1.org
EtherBTC, ETHB,steemit.com
EtherDelta Token,EDT,etherdelta.com
EtherDoge,EDOGE,etherdoge.org
EtherID,etherid,etherid.org
Etherdelta Token,EDT,etherdelta.com
Etherecash,ECH,
Ethereum Classic,ETC,ethereumclassic.org
Ethereum Dark,ETHD,coinmarketcap.com
Ethereum Vega,EVA,github.com
Ethereum lite ,ELITE,bitcointalk.org
Ethereum lite,ELITE,bitcointalk.org
Etherinc,ETI,einc.io
EuroCoin,,
Eurocinpay,EUC,eurocoinpay.io
Exilecoin,EXN,
ExtensiveCoin,EXTN,extensivecoin.com
Exxor,EXX,exxor.org
FAB Coin,FAB,fabcoin.co
FAILCoin ,FAIL,
FAILCoin,FAIL,
FAPcoin,FAP,coinmarketcap.com
FDC,Foodchain,foodchain.biz
FIMKrypto,FIMK,coinmarketcap.com
FUTURAX,FTXT,futurax.global
Faceblock,FBL,bitcointalk.org
Faceter,FACE,faceter.io
FairBrix,,
FairQuark,FRQ,
Falcoin,FAL,falcoin.info
Fantasy Cash,FANS,twitter.com
Farad,FRD,farad.energy
Farstcoin,FRCT,farstcoin.co
Fashion Coin,FSHN,coin.fashion
FastoinSHA,FSS,
Fck Banks Coin,FCK,
Fellatiocoin,BLO,
Ferengicoin,FER,
Ferretcoin,,
Ferrum Coin,FRM,
Fidelium,FID,fidelium.io
FinCryp Chain,FCC,bdigroups.com
Finacoin,FNC,finacoin.io
Fincryp Chain,FCC,bdigroups.com
Firecoin,,
Fireflycoin,FFC,
FirstCoin,FRST,firstcoinproject.com
Firtsblood,1ST,
Fitcoin ,FIT,
Fitcoin,FIT,
Fitrova,FRV,fitrova.com
Fixy,FXY,fixyapp.io
FliK,FLIK,coinmarketcap.com
Floridacoin,FLC,
Flurbocoin,FLB,flurbo.cc
FollowCoin,FLLW,followcoin.io
Folm coin,https://github.com/folm/folm,folmcoin.com
FolmCoin,FLM,folmcoin.com
Force network,For,forcenetwork.io
Forexcoin,FRX,
Forge,FRG,theforgenetwork.com
Fourchan,,
FourtyTwoCoin,42,
Fox Trading,FOXT,foxtrading.io
Foxcoin ,FOX,
Foxcoin,FOX,
Fragcoin,FRAG,
Franko,FRK,coinmarketcap.com
FraudCoin,,
Frazcoin,https://github.com/frazcoin/frazCoin,frazcoin.org
Freecoin,FREE,www.freecoin.technology
Freedomcoin,FDC,
Freicoin,FRC,coinmarketcap.com
Frictionlesscoin,FLC,
Frozencoin,FZ,
Frycoin ,FRY,
Frycoin,FRY,
Furrycoin,FUR,
Futuro coin,FTO,futurocoin.news
GEMZ,XCP token,getgems.org
GIGA,XG,giga.im
GIZA Device,GIZA,
GO Network,GOT,gonetwork.co
GODCOIN,GOD,godcoin.gold
GOLDPOWERCOIN,XGPC,
GT,GT,yobit.net
Gachimuchi Token,GACHI,archive.org
Gaelcoin,GAC,
Gainer Coin,GNR,gainercoin.com
Galatium,GLT,
Galatium,GLT,bitcointalk.org
Galaxium,GXM,gxmt.io
Galaxycoin,GLX,
Galleon,GLN,
Galtcoin,GLT,
GameCoin,GMC,gamecoin.global
GameCredits,GAME,github.com
GameLeageCoin,GML,
Gamecoin,GME,
Gamer's Coin,GMC,gamecoin.global
Gamerscoin ,GMC,
Gamerscoin,GMC,
Gasolinecoin,DZL,
Gatescoin,GTC,
Gaycoin,GAY,
Gemcoin,,coindesk.com
Gems,GEM,gems.org
GeneCoin,,
Genecoin,,
Genesiscoin,GNS,
Genom,GENOM,
Genom,GENOM,genom.tech
Geocoins,GEO,
GetGems,GEMZ,getgems.org
Ghostcoin,GHC,
Giarcoin ,GIAR,
Giarcoin,GIAR,
GiftCoin,GFT,
Gigga-Watt,WTT,giga-watt.com
Gil,GIL,
Gimli,GIM,gimli.io
Girlcoin,GIRL,
Givecoin ,GIVE,
Global Awards Token,gat,globalawardstoken.com
Global Denomination ,GDN,
Global Game Chain,GGC,ggcv.com
Globalboost,BST,
Globe,GLB,
Globecoin,GLOBE,
GoNetwork,GOT,gonetwork.co
Goatcoin,GOAT,
Gobyte,GBX,gobyte.network
Gobyte,GBX,www.gobyte.network
Gochain,GO,gochain.io
Godcoin,GOD,
Gold Bars,,
Gold Pressed Latinum,GPL,
Gold Rewards,GRX,goldrewards.io
GoldMint,MNTP,goldmint.io
Goldcoin,GLD,
Goldgate,BGG,
Gollumcoin,GLM,
GoodCoin,GOOD,
GoodrumCoin,KLBSA,goodcoin.com
GovnoCoin,GOV,
Goxcoin,GOX,
Grain,GRA,
Grandcoin,GDC,
Granitecoin ,GRN,
Graphene,GRP,
Graphgrail,GAI,graphgrail.com
GravyCoin,,
GreeceCoin,GRCE,
Groincoin,GXG,
Growthcoin,GRW,
Guncoin,GUN,
H2Ocoin,H20,
HPPCoin,HPP,hppcoin.org
HTMLcoin,HTML,coinmarketcap.com
HUBI,HUBI,
Habibi Coin,HBB,habibicoin.io
HackerNewsCoin,,
Halcyon,HAL,halcyon.top
Happy Creator Coin,HCC,coinmarketcap.com
Hash Card,HSHC,hashcard.io
HashCoin,,
Haven Protocol,XHV,
HawaiiCoin,HIC,
HawalaToday,HAT,coinmarketcap.com
Heat Ledger,HEAT,heatledger.com
Heavycoin,HVB,
Heavycoin,HVC,github.io
Heisenberg,HEX,
Helixcoin,HXC,
Hellcoin,HLC,
HernCoin,,
Hextracoin,HXT,hextracoin.co
High Reward Coin,HRC,highrewardcoin.io
High Temp coin,HTRC,
High Voltage,HVCO,highvoltagecoin.tech
Highfivecoin,H5C,
Hirocoin,HIRO,coinmarketcap.com
Hive Terminal Token,HVN,hiveterminal.com
Hobbitcoin,HBC,
HomeBlockCoin,HBC,Homeblockcoin.com
Honey Share Coin,HSC,honeyshare.io
Honeypod,https://stellar.expert/explorer/public/asset/HNY-GCI7GKW3MKTYDYKHTKYDLFNXSCJH5V73XGQPOGNVUOSHHG2JUQG2DVWI,honeypod.org
HongKetoCoin,HKC,
HongKongCoin,HKC,
Horsecoin ,HORS,
Horuschain,HRS,
Hotcoin,HOT,
Hotcrypto,HCR,hotcrypto.com
HoweyCoin,HoweyCoin,howeycoins.com
Hshare,HSR,
Huatecoin,HUC,
Huitong,HTC,
Huskycoin,HC,
HydroMiner,H2O,hydrominer.org
HyperPay,HPY,hyperpay.tech
Hypercoin,,
IFAN,IFAN,ifan.io
IMPulse impulse.technology,CryptoData,impulse.technology
INTcoin,INT,bitcointalk.org
IceRock Mining,ROCK,icerockmining.io
Icoin,ICN,
Icon,Icx,m.icon.foundation
Iconomi,ICN,iconomi.net
Ideacoin,IDEA,
ImmVRse,IMV,immvr.se
Imperial Coin,IPC,
Imperium,MPRM,www.imperium.network
IncaCoin,NKA,
Infinity pay,Ipy,
Infinium-8,inf8,cryptocompare.com
Infireum,IFR,infireum.com
Informationcoin,ITC,
Initiative Q,Initiative Q,initiativeq.com
Inkcoin,INK,
Insanitycoin,WOLF,
Instapay,IPC,
IntCoin,INT,twitter.com
Intellos Token,ITX,intellos.com
Internet Peso,IPO,internetpeso.com
Invacio,INV,invacio.com
Inven,,
IshaCoin,,
Isra Coin,IRA,
Isracoin,,coinmarketcap.com
Italycoin,ITC,
IvyKoin,IVK,ivykoin.com
Ixcoin,,
JIYO,JIYO,jiyo.io
JasonCoin,,
Jennycoin,JNY,
Jerkcoin,,
Jerkycoin,JKY,
Jesus Coin,JC,jesuscoin.network
JesusCoin,JJC,
Jewels,JWL,coinmarketcap.com
JezusCoin,,
JinCoin,JIN,coinmarketcap.com
JoeCoin,,
Joytoken,Joh,
JuggaloCoin,JUG,bitcointalk.org
JunnonCoin,JNC,
K82,K82,k82c.com
KIBO,KIBIT,kiboplatform.net
KUBERA,KBR,
KYC Legal,KYC,kyc.legal
Kakacoin,KKC,
Karmacoin,KARMA,reddit.com
Karpcoin,KARP,
KarpelesCoin,KAR,
KashhCoin,KASHH,coinmarketcap.com
KashmirCoin ,KSC,
KashmirCoin,KSC,
Kegcoin,KEG,kegcoin.tk
Keisercoin,,
Kencoin,KCN,
Keplertek Token,KEP,
Kerberos Coin,KRC,kerberoscoin.org
KhalsaCoin,,
KickerRoom,KRM,
Kidbizo,KIDS,kidbizo.io
Kiffercoin,,
Killercoin,KILR,
Kimcoin,,
Kimdotcoin,,
KimoCoin,KMC,
Kingcoin,,
Kitty Coin,Kitty,ktycoin.com
Klingon Empire Darsek,KED,
Knoxcoin,KNX,steemit.com
Koindashian,KOIN,
KonACoin,KonA,konacoin.cloud
Konios,KON,konios.com
Kraken,KC,krakencoin.eu
KrakenCoin,KC,krakencoins.eu
Kreita,KRT,kreita.io
Krios,KRI,krios.io
Krios,Kri,krios.io
Kriptacoin,,wikipedia.org
Krugercoin,,
KrugmanCoin,,
Kudos,KDS,
Kumacoin ,KUMA,
Kumacoin,KUMA,
Kushcoin,KHC,
LIF,LIF,windingtree.com
LIVE STARS,LIVE,livestars.io
LIZUN,LIZUN,yobit.net
LOLIGO,LLG,loligo.co
LRM Coin,LRM,lrmcoin.com
LUKA,LUK,cryptoluka.cl
LaZooz,Zooz,lazooz.org
LajtCoin,LAC,lajt.tk
Lake Banker,BAC,lakebanker.com
Lamden TAU,TAU,lamden.io
LanaCoin,LANA,lanacoin.com
Lebowskis,LBW,
Legend Coin,LGD,bitcoinexchangeguide.com
LegendaryCoin,LGD,bitcointalk.org
Legends Room,LGD,drstripclub.com
LegitCoin,,
Lemmon,LMN,lemmon.io
Lemoncoin,LMC,
Lend Connect,LCT,coinmarketcap.com
LeproCoin,LPC,
Levelcoin,,
Libereum,$LIBER,libereum.io
Lightvelocitycoin,LVC,
Limecoin,LC,
LimecoinLite ,LCL,
LimecoinLite,LCL,
Limecoinx,LIMX,
LinkEye,LET,
Linx,LINX,mylinx.io
Lionsea,LST,lionsea.io
Liquid Regenerative Medicine Coin,LRM,lrmcoin.com
Liquidcoin,,
Lite Doge,LDOGE,ldoge.tech
LiteCoinX,LTCX,
Litecoin Cash,LCC,coinmarketcap.com
Litecoin Cash,LCC,litecoinca.sh
Litecoin Plus,XLC,
Litecoin,LTC,
Litecoin,LTC,litecoin-foundation.org
LitecoinDiamond,LDD,litecoindiamond.network
Litecoin[Red],LTCRED,litecoinred.com
Livecoin,LVC,
Liza,LIZA,yobit.io
Local World Forwarders,LWF,www.lwf.io
Lolcoin,LOL,
LoopX,LPX,
LoopX,LPX,loopx.io
Lottery Tickets ,TIX,
Lottery Tickets,TIX,
Lotus,rc-20,lotus.sh
LoveCoin,LOVE,
Lucky7coin,LK7,
LukeCoin,LMC,
Lunyr,LUN,lunyr.com
Lycancoin,LYC,
MASS COIN,,mass.network
MAZE,MAZE,maze.sh
MCX Coin,MCX,mcxcoin.com
MD Tokens,0x8198e349afd0a09efb06b460452ec1beab7a20aa,mdtokens.com
MD Tokens,https://etherscan.io/address/0x8198e349afd0a09efb06b460452ec1beab7a20aa,mdtokens.com
MFChain,MFX,mfchain.com
MIRQ,MRQ,
MIRQ,MRQ,mirq.io
MKTcoin,MLM,
MOBIUS,MOBI,mobius.network
MT,Colored Coin Colu,mycelium.com
MVP Token,MVP,blocside.io
Machinecoin,MAC,
Magi,XMG,m-core.org
MagicCoin,MGC,
Magicoin,MAGIC,
Maki,MAKI,
Malecoin,,
Mano Coin,MANO,mano.org
Maplecoin,MPL,
Mapping Aggregation Platform,MPLT,mapplatform.io
MarekCoin,MRC,marek.si
MarijuanaCoin,MAR,bitcointalk.org
Mariocoin,,
Marscoin,MARS,coinmarketcap.com
MarteXcoin,MXT,github.com
Martexcoin,Mxt,
MaryJane Coin,MARYJ,bitcointalk.org
Mavro,MAVRO,mavro.org
MediaCoin,,
Mediterraneancoin,MED,
Medx Protocol,MEDX,
Megcoin,MEG,
Melange,SPICE,
Memecoin,MEM,
Menlo One,ONE,menlo.one
Menlo One,One,menlo.one
Meta Cash,META,metacash.online
Metiscoin,MTS,
MicroMoney(AMM),AMM,reddit.com
MidasCoin,MID,midascoin.org
Milancoin,MLC,
Millionairecoin,MIL,
Minax,MINAX,minax.io
Minerals,MIN,cryptocurrencytalk.com
Minexcoin,MNX,minexcoin.com
MingoCoin,XMC,mingocoin.com
Mjollnircoin,MNR,
MmjCoin,,
Mobile Crypto Pay Coin (MCPC),MCPC,mobilepaycoin.com
MobileGO,MGO,facebook.com
Moirai,MOI,moirai.io
Molecule,MOL,
Monero Gold,XMRG,coinmarketcap.com
MoneroV,XMV,monerov.org
MonetaVerde,MCN,bitcointalk.org
Monetize Coin,MZI,monetizecoin.net
Moneyenom,MYM,
Monyx,MYX,
Moonstone DAC,XMS,github.com
Morgan Coin,MRC,morgancoin.co
MouseCoin,,
Movecoin,MOVE,movecoin.info,CHECKED
MtGoxcoin,GOX,
Muniti,MUN,
Murraycoin,MRY,murraycoin.org
Mutcoin,MUT,
N5coin,N5X,
NEEDS Coin,NEEDS,coin-s.net
NEO GOLD,NEOG,ulcraft.com
NIOBIO CASH,NBR,youtube.com
NIOSHARES,NIOSHARES,etherscan.io
NITRO,NOX,
NO TIMESTAMP FOUND
NOUS,NSU,nousplatform.com
NUBITS,USNBT,youtube.com
NVO,NVST,nvo.io
NXO,,
NXR,,
NXT,NXT,nxter.org
NXT,Nextcoin,jelurida.com
NYX Coin,NYX,nyxcoin.org
Naanayam,NYM,
Naga coin,NGC,
Nakacoin,NKC,
Nametoken,NAT,nametoken.io
Nanotoken ,NAN,
NautilusCoin,NAUT,nautiluscoin.com
Nbcoin,NBC,
NeonCoin,,
Netavo,AVO,netavo.pro
NeuCoin,NEU,coinmarketcap.com
NewStatesmanCoin,,
Neworkoin,NWK,neworkoin.com
Nexium,NXC,beyond-the-void.net
NexusCoin,,
NielsenCoin,NCKPH,nielsencoin.com
Nigger,NGR,thegoldwater.com
NightCoin,,
Nimfamoney,NIMFA,nimfamoney.io
Niobio Cash,NBR,
Niuecoin,,
Noahcoin,NOAH,
Nodecash,ANN,nodecash.org
Nodecoin, NODE,bitcointalk.org
NoirShares,NRS,coinmarketcap.com
NoodlyApendageCoin,NDL,cryptocurrencytalk.com
Noodlyappendagecoin,NDL,
Novatoken,NVT,novatoken.io
Nucleus (NCL),C7kLesHCnqhDSNNgTuCiiMGr3qaEX1oGAXiJ8gTqzyku,bitcoingrowthbot.io
Nucleus Vision,Ncash,nucleus.vision
Nucoin,NUC,
NulleX,https://github.com/white92d15b7/NLX,nullex.io
NuruCoin,NC,nurucoin.com
Nutcoin,NUT,
Nyxcoin,NYX,nyxcoin.org
ODIN,ODIN,odinblockchain.org
OHM,ohm,ohmcoin.org
OKDCoin,OKD,github.com
OLXA Coin,OXLA,icobench.com
ORBS,0xff56cc6b1e6ded347aa0b7676c85ab0b3d08b0fa,orbs.com
ORObit,ORO,
OYSTER PEARL,PRL,oysterprotocol.com
OZTGToken (OZTG),0xa5a6d719db51513eccce9e150a4e9979e0062c5b,flashmoni.io
Oasis,OHAS,ohas.io
ObamaCoin,,
Obama_bin_lotteryCoin,,
Obsidian,ODN,obsidianplatform.com
Ocoin,OSC,
Octonox,Otx,
Odyssey,OCN,ocnex.net
OilCoin,OIL,
Omnicoin,OMC,coinmarketcap.com
One Coin,OC,onecoin.eu
OneCoin,,
OneCoin,ONE,onecoin.eu
Onioncoin,ONI,
OnixCoin,onx,onixcoin.com
Onlinegamingcoin,OGC,
Open Trading Network,OTN,
Orangecoin,OC,coinmarketcap.com
Orbitcoin,ORB,
Orcacoin,ORCA,
Oreocoin,OREO,
Ottomancoin,OTC,
OutMySphere,MeeTip,
OxFina,OX,
Oyster PRL,PRL,
Oyster Pearl,PRL,oysterprotocol.com
Oyster,PRL,oysterprotocol.com
OysterPERL,PRL,ethereumworldnews.com
PACT Coin,PACT,pact.works
PAGAREX,PGX,
PAYCON,CON,coinmarketcap.com
PChain,PI,pchain.org
PICPOTO,PPO,picpoto.com
PIP,PayPro,
PKG,0x02f2d4a04e6e01ace88bd2cd632875543b2ef577,pkgtoken.io
PM7,PM7,pm7.com
PORNX,PORNX,pornx-official.com
POSWALLET,POS,
PREMINE,PMC,coinmarketcap.com
PRiVCY,PRIV,
Paccoin,PAC,
Pagarex,PGX,pagarex.com
PalladiumCoin,PC,palladiumco.in
Pandacoin,PAND,
Pangucoin,PGC,
Pantos,PAN,
Paragon,PRG,
Paragon,prg,
ParagonCoin,PRG,paragoncoin.com
ParallaxCoin,PLX,
Pareto,Pareto,
ParkByte,PKB,parkbyte.com
Parkgene,GENE,parkgene.io
Pascal Coin,PASC,youtube.com
Patriotcoin,USA,
Pawncoin,PAWN,coinmarketcap.com
PayCoin,XPY,coinmarketcap.com
PayFair,PFR,payfair.io
PayToBit,Paytobit,paytobit.net
Paycent,PYN,paycent.com
Paycoin ,PYC,
Paycoin,PYC,
Pdxbaap,PDX,pdx.ltd
Peacecoin,PEC,
Pearl,PRL,oysterprotocol.com
PeepCoin,PCN,
PeepCoin,PCN,coinexchange.io
Peerpay,,
Penguincoin,PENG,
Pennies,CENT,
Peoplecoin ,PPL,
Peoplecoin,PPL,
Petro,PTR,
PhantomX,PNX,phantomx.co
Phcoin,PHC,
Phicoin,PHI,
PhotonCoin,PHO,
Picoin,,
Pieces,,
PiedPiperCoin,PPI,piedpiper.com
Pikacoin,PIK,
PingPaid,PPD,pingpaid.com
Piniumcoin,PNC,
PinkStar,PSTAR,
Piratecoin,PIR,
PixelCoin,PXL,
Plancoin,PLAN,
Planet Mobile Token,PLMBT,planetmobile.net
Platinum Bars,,
Platinumcoin,PT,
Playchip,PLA,playchip.global
Playtoken,PLT,
Ploutus Coin,PLTS,ploutos-coin.com
PlusCoin,PLC,pluscoin.io
PoSToken,POS,coinmarketcap.com
Pocaga,PCG,pocaga.io
Pocaga,PGC,pocaga.io
Pokercoin,POK,
Polishcoin,,
Poly AI,AI,coinmarketcap.com
Polycoin,,
Ponzicoin,PONZI,ponzicoin.co
Popchain,PCH,popchain.org
Popcoin,POP,
PopularCoin,POP,
Porn Oriented Rate Number,PORN,
Poswallet,Posw,posw.io
Poundcoin,PUK,
Powercoin,POW,
Preminecoin,PMC,
Primcoin,,
PrivatePay,XPP,goprivatepay.com
Procoin,PCN,
Prodeum,PRDD,
Proof token,PRFT,proofsuite.com
Prospercoin,PRC,
ProtonCoin,PROTON,higgsproject.org
Protoshares,PTS,
Publica,PBL,publica.com
Pwnycoin,PWNY,
Pxlcoin,PXL,
Q,https://initiativeq.com/,
QBIC,QBIC,qbic.io
QRL,https://github.com/theQRL/QRL,theqrl.org
Qabio,qbo,qabio.io
QuackCoin,,
Quantum,QAU,quantumproject.org
QuarkChain,qkc,quarkchain.io
Quatloo,QTL,
QuazarCoin,QCN,coingecko.com
Qubitcoin,Q2C,
Quebecoin,QBC,
Quick Quick Coin,QQC,
Quora ,QUORA,
Quora,QUORA,
Qvolta,QVT,qvolta.com
Qwasder,QWS,qwasder.io
RIPPLE,XRP,ripple.com
ROUND,RND,coinmarketcap.com
RPI coin,RPI,rpicoin.com
Rabbitcoin,,
Radioactivecoin,RAD,
Radix,Rdx,
Raiblocks,XRB,raiblocks.net
Rainbowcoin,LGBT,
Rainbowgoldcoin,RAIN,
Rampant,RCO,rampantcoin.com
Rapidcoin,RPD,
Rapture,RAP,our-rapture.com
RasputinOnline,ROC,rasputinonline.com
Rastacoin,RTC,
Ratcoin ,RATC,
Ratcoin,RATC,
RavenCoin,,ravencoin.org
Ravencoin,Rvn,
Rchain,RHOC,rchain.coop
Realcoin,REC,
RealtyCoin,0xb8595127620e4b9b5a11cda75766ab87a0e2cd7f,realtycoin.cl
RedChain,RCH,icotracker.net
Reef Coin,REEF,
ReefCoin,REEF,reefcoin.io
Refereum,RFR,
RegalCoin,REC,regalcoin.co
Regulus Exchange,RGLS,
Relest,REST,bitcointalk.org
Rentberry,Berry,linkedin.com
Request Network,REQ,request.network
Retainly,RETN,retainly.co
RiceCoin,,
Richcoin,RCH,
Riecoin,Bitcoin's protocol,riecoin.org
Riecoin,RIE,riecoin.org
Right Mesh,RMESH,rightmesh.io
Rightcoin ,RTC,
Rightcoin,RTC,
Ripple,XRP,ripple.com
Ripto Bux,RBX,coinmarketcap.com
RiseCoin,,
Rocket Man Scam Coin,RSMC,github.io
Rocketcoin,ROC,
Romancoin,ROM,
Rootcoin,ROOT,coinmarketcap.com
Rosecoin,,
Rotocoin,RT2,
Roulettecoin,RLT,bitcointalk.org
RoverCoin,ROE,rovercoin.io
Royalcoin,RYC,
Royalties,XRY,coinmarketcap.com
Rubycoin,,
Rupaycoin,RUP,
Rutheneum,RTH,rutheneum.com
SAFC,SAFCOIN,praator.com
SCUDOCOIN,SCD,destiney-ai.com
SENSE,Sense,sensetoken.com
SGCC,0xec985525f3f22c7fa9c9ff4a49e37589a76d86d4,sgchain.io
SHIELD,XSH,shield.sh
SISA,SISA,sisa.fund
SMART Trade COIN,SMART,smarttradeico.io
STARDUST,STU,stardustcoin.org
STLcoin,STL,
SUCRE MONEDA,SUCR,sucremoneda.net
SURECOIN (TSC),(TSC),bitcointalk.org
Saffroncoin ,SFR,
Saffroncoin,SFR,
SailCoin,,
SambaCoin,SMB,
Samfins,SAM,twitter.com
SandCoin,SND,coinmarketcap.com
Sapien,SPN,
Sapphirecoin ,SPH,
Sapphirecoin,SPH,
Saske,SXAS,saske.io
Savecoin,SPC,
Savingcoin,SAV,
Saw,SAW,
Scale,SCALE,scalenetwork.io
Scamcoin,SCC,
Scoin,SCO,
Scotcoin,SCOT,
Secondscoin,,
Secretcoin,shht,secret-coin.com
Securecoin ,SRC,
Securecoin,SRC,
Seedcoin,SDC,
Senx,Senx,
Serracoin ,SRR,
Serracoin,SRR,
Sexcoin,sxc,coinmarketcap.com
Sexycam,SXY,sexycam.red
Sficoin,SFI,sficoin.co
Sha1coin,SHA,
Shares,,
Sherlockcoin,SHC,
Shibecoin,SHIBE,
ShieldCoin,SHLD,coinmarketcap.com
Shillingcoin,,
ShipChain,SHIP,
ShipChain,SHIP,shipchain.io
Shivers,SHVR,shivers.io
Siamesecoin,SIS,
Sifcoin,,
Signatum,SIGT,coinmarketcap.com
SiliconValleyCoin,XSV,
Silkcoin,SILK,
Silver bars,,
Silvercoin ,SRC, before Securecoin had it,
Silvercoin,SRC, before Securecoin had it,
SilvioBerlusCoin,,
Singularity,SING,
Sint Global,SIN,sint.global
SipsCo,SIPS,coinexchange.io
Skeincoin,SKC,
Skycoin,SYC,
Skynet-coin,SNC,
Slendercoin,SNC,
SlothCoin,SLOTH,
Smartcoin,,
Snatcoin,SNAT,snatcoin.com
Snowball Mining,SBM,snowballmining.io
Snowballs,BALLS,coinmarketcap.com
Snowcoin,SNC,
Soapbar,SOAP,
Sochicoin,SOCHI,
Socialcoin ,SOC,
Socialcoin,SOC,
SolCoin,SOL,
Sola,SOL,sola.foundation
Soldo,SLD,bitcointalk.org
SolidCoin,,
SolidCoin,SC,solidcoin.info
Spaincoin,SPA,coinmarketcap.com
Spectrecoin,XSPEC,spectreproject.io
SpeedCash,SCS,scash.ml
Speedcoin,SPC,
SpikeCoin,SPK,bitcoingarden.org
Spirecoin SPC,SPC,bitcointalk.org
Spirecoin,,
Spodermancoin,SDM,
Sponsy,SPONS,sponsy.org
Sprout,,
StableCoin,SBC,reddit.com
Stackedcoin,,
Stacycoin,,
Stakeit Token,STAKE,stake-it.com
Stalwartbucks,SBX,
Stannum,SNC,stannumcoin.com
Starcoin,STR,
StarvingArtistCoin,,
StashPay,STP,stashpay.io
Stellite,XTL,
StockCoin ,STC,
StockCoin,STC,
Stop,,
StopTheFakes,STF,stopthefakes.io
Stopthefakes,STF,stopthefakes.io
Storagecoin,,
Stories,STY,
Storiqa,STQ,
Strayacash,SYC,straya.cash
Strayacoin,Straya,strayacoin.org
Streamcoin,STRC,
Subi Platform,SUBI,bitcointalk.org
Substratum,SUB,substratum.net
Sudan Gold Coin,SGC,sudangoldcoin.com
Suncoin,SUN,
SupercalifragilisticexpialidociousCoin,,
Supercoin,SUPER,
Superherocoin,,
Superior Coin,SUP,
SurgeCoin,SRG,
Swagcoin,SWAG,
SwapToken,TOKEN,coinmarketcap.com
Swisscoin,,
Switchcoin,SWITCH,
Symmetry.fund,SYMM,symmetry.fund
Synapse coin,SYN,youtube.com
Syncoin,SYN,
T-Coin,TNC,tradecoinclub.com
TALER,TLR,talercrypto.com
TRON,TRX,twitter.com
TaTaTu,TTU,tatatu.com
Tacocoin,TCO,
Takcoin[TAK],,
Takeoutcoin,,
Tao Network,XTO,tao.network
Target Coin,TGT,
Taylor,TAY,smarttaylor.io
TechCoin,TCI,tech-coin.io
Techcoin,TECH,
Teddycoin,TDY,
Tellion,TLL,coinexchange.io
TenFiveCoin,10-May,
TenX,PAY,tenx.tech
Tenebrix,,
Teslacoin,TES,
Teslapaytoken,TSLP,
Tether,USDT,bitcointalk.org
ThaiCoin,,
Thcoin,THC,
The DAO,DAO,coinmarketcap.com
TheSmurfscoin ,TSC,
Thecoin,,
Theresa May Coin,May,theresamaycoin.com
This website,TW,deadcoins.com
Thundercoin,,
Tigercoin,TGC,
TimCoin,TIM,freeforums.net
Timekoin,TK,
Tipper,TIPR,
TipperEconomy,TIPR,tippereconomy.io
Titanium Bar,TBAR,tbis.io
Titanium,TTN,
TittieCoin,TIT,tittiecoin.com
Tittiecoin,TTC,
TokeCoin,,
Token Bitcoin Magic,BTCM,ethplorer.io
TomScottCoin,,
Tomatocoin,,
Tourist Token,TOTO,globaltourist.io
TraceCoin,,
Trade Token,TIO,trade.io
Trade.io,TIO,trade.io
TraderCoin,TDC,
Traincoin,XTN,
Traxion token,TXN,traxion.tech
Trendit,TND,trenditstudios.com
Trinity,TTY,weebly.com
TrollCoin,TROLL,coinmarketcap.com
Trollcoin,,
Troptions,,
Truckcoin,TRK,
Turbocoin,XTP,
TurtleCoin,TRTL,turtlecoin.lol
TurtleGold,https://github.com/turtlegold/TurtleGold,
TurtleGold,trtg,
Tuxcoin,TUX,tuxprint.com
Twilx,SEO,fitrova.com
Twilx,SEO,twilx.com.au
UFOcoin,UFO,
UKCoin,UKC,bitcointalk.org
USI Tech,USI-Tech,usitech-int.com
UbiatarPlay,UAC,ubiatarplay.io
Ultimatecoin,ULT,
UltraNote,XUN,ultranote.org
UltraPay Coin,UPC,ultrapay.info
Umbrella Coin,UMC,
UniCash Coin,UCH,
UniteCoin,UNI,
United Federation Credit,UFC,
Unitycoin,UNT,
Universa,UTN / UTNP,universa.io
Universitycoin,UVC,
UnixCoin,UNX,unixcoin.com
Unobtanium,UNO,cryptoid.info
Upfiring,UFR,coinmarketcap.com
Uplexa,UPX,crypto-loot.org
Uplexa,UPX,uplexa.com
Urocoin,URO,
Useless Ethereum Token,UET,uetoken.com%20;%20https
VCash,XVC,vcash.info
VEEN,VEEN,veenfoundation.org
VIPSTAR COIN,VIPS,vipstarcoin.jp
VIPSTARCOIN,VIPS,vipstarcoin.jp
VOISE,VOISE,voise.com
VTC,VTC,
VYIGRAT,VYI,vyigrat.com
Vadercoin,VADR,
Valuecoin,VLC,
Vampirecoin,VMP,
Vanillacoin,,
Vanta Network,VNT,t.me
Vanta Network,VNT,vanta.network
VapersCoin,VPRC,vaperscoin.org
Vcoin,,
Vee,Vee,
Vegascoin,VGC,
Veilcoin,VEIL,
Velocitycoin,VEL,
Vendettacoin,VAC,
Vendicoins,VENDI,vendicoins.com
Vendio,VENDI,vendicoins.com
Venividivicicoin,VVV,
Ventura,ZVT,venturacoin.net
Venturenic,VTN,bitcointalk.org
Verge,XVG,
Verge,XVG,twitter.com
Vericoin/Verium,VRC,
Vernam,VRN,vernam.com
Verncoin,VRN,
VeroCoin,VRO,
Veronite,XVV,veronite.space
Version,,
VidioShare,VDO,vidioshare.me
Viktorium,VIC,victorium.org
Viral,VIRAL,bitcointalk.org
VirtualMiningCoin,VMC,
Viruscoin,,
VisaCoin,VISA,
VisnCoin,VISN,
Visus,VIS,visus.co
Vivaldi,VVL,
Vodkacoin,,
Voise,VOISE,voise.com
Volix Network,VOX,volix.network
Votecoin,,
W3Coin,W3C,
W3Coin,W3C,w3coin.net
WaltonChain,Literally Non-existent,waltonchain.org
Watcoin,,
Wavecoin,WVS,
WeAreSatoshi,WAS,
WeKu,WEKU,weku.io
Wealth Chain Token,Scam,
WebDollar,WEBD,webdollar.io
Webcoin,WEB,
Wecoin,WEC,
WiZzo Coin,WiZO,wizzo.site
Wikicoin,WIKI,
Wild Token,Wild,wildtoken.com
WinBix,WBN,winbix.io
Wincoin,WIN,
Windy,WND,wndtoken.com
Winged,WINGE,wingedex.com
Wolongcoin,WOL,
World Football Coin,,
World of Battles,WOB,bitcointalk.org
WorldCoin,WDC,
Wpcoin,WPC,
X11coin,,
X12 Coin,X12,x12coin.com
X13coin,,
X14coin,X14,
XARI,CN-Lite,xaria.xyz
XCloudCoin,XCLD,twitter.com
XEONBIT,XNB,
XIN Infinity Economics,XIN,bitcointalk.org
XSTAKE,XSTK,xstake.net
XTD Coin,XTD,citicoins.com
XXLcoin,XXL,
Xcoin,XCO,
Xedoscoin,XDC,
Xencoin,XEN,
Xenon,XNN,coinmarketcap.com
Xivra,xiv,
YACcoin,YACC,
YAJUCOIN,,bitcointalk.org
Yamashitacoin ,YMC,
Yamashitacoin,YMC,
Yangcoin,,
YinYuanCoin,YYC,
Yincoin,,
Yocoin Classic,XYOC,etherscan.io
YooCoin,YOO,
Yuan Bao,YBC,
ZCoin,,
ZECD,ZECD,bitcointalk.org
ZEROCOIN,ZERO,zerocoin.bet
ZEST,ZEST,zestcoin.io
ZSEcoin,ZSE,zsecoin.com
Zas?heCoin,,ebanoe.it
Zcash-Classic,ZCL,zclassic.org
Zebi,ZCO,zebi.io
Zedcoin,,
Zengold,ZGC,zengold.org
Zenithcoin,ZTC,
Zero,ZER,zerocurrency.io
Zeuscoin,ZEU,
Ziber,ZBR,ziber.io
ZiftrCoin,ZRC,ziftrcoin.com
Zodiaccoin,ZOD,
Zombiecoin,ZMB,
Zucoin,ZCN,
Zurcoin,ZUR,
Zynecoin,ZYN,zynecoin.io
aidcoin,aid,aidcoin.co
alloy,XAO,bitcointalk.org
arbitraging,ARB,arbitraging.co
asdasd,adsad,
asdf,asdfasdf,
atomic coin,atom,atomicproject.org
bank4you,beefy,
barbeque coin,BQC,bitcointalk.org
bchconnect,bchc,bchconnect.co
beldex,bdx,beldex.io
benebit,?,
benicoin,beni,benicoin.io
bitbase coin,BTBc,bitbase.io
bitboost,bbt,
bitpaction,BTK,twitter.com
bitrewards,XBR,
bitserial,bte,bitserial.io
boats and bitches,BNB,
bottlecaps,CAP,bottlecaps.co
breadcoins,KJLS&^*DS,testing.com
byteball,byteball,
cannabiscoin,cann,cannabiscoin.net
canonchain,CZR,canonchain.com
chrysos,CHRS,chrysoscoin.com
copperlark,clr,copperlark.com
dasd,dsa,
dentacoin,dcn,dentacoin.com
dignity,dig,cryptobontix.com
dogeparty,xdp,coinmarketcap.com
e2cc,electronic energy coin,
eCharge,ECHG,echarge.work
ePLN,ePLN,e-pln.com
ePLN,ePLN,ethplorer.io
eXperience Points,XP,xpcoin.io
electroneum,ETN,electroneum.com
electronic energy coin,e2c,
enau,enau,
envion,EVN,
ethGAS,eGAS,ethgas.stream
ethereum plus,Ethp,
ethereumcashpro,https://www.ethereumcashpro.com/members_area/closing_offer,ethereumcashpro.com
experince coin,xp,
falcon coin,FCC,facebook.com
farad,frd,
fervicoin,fervicoin,
feston,fton,festoncoin.com
firstcoin,FRST,firstcoin.club
fitrova,frv,fitrova.com
gaysexcoin,GSC,
ggcoin,0x7f969c4d388ca0ae39a4fddb1a6f89878ca2fbf8,ico.gg.international
goldKash,XGK,goldkash.org
gonetwork,GOT,gonetwork.co
gpu coin,GPUC,
grantcoin,grantcoin,grantcoin.org
hexxcoin,hxx,hexxcoin.net
honeybox,https://docsend.com/view/6w2kpua,honeybox.io
https://eurocoinpay.io/,ECH,eurocoinpay.io
hush,hush,myhush.org
iCash,iCSH,icash.co
iDice,ICE,coinmarketcap.com
idea coin,idea,twitter.com
indaHash,IDH,indahash.com
leadcoin,ldc,
lelecoin,LELE,e-chain.id
lisa,lisa,yobit.net
lottocoin,lot,
mass.cloud,MASS,twitter.com
mcap,mcap,coinmarketcap.com
mcap,mcap,gb21.com
memorycoin,MMC,coinmarketcap.com
minexo,Mxo,
mktcoin,mlm,
mnex,MNEX,mnex.io
monetizecoin,MNZ,monetizecoin.com
monyx,MYX,monyx.io
nr1coin,nr1,nr1coin.com
nullacoin,NCC,nullacoin.com
opporty.net,OPP,opporty.net
opus,opt,opus.audio
phantomx,pnx,phantomx.co
pipkacoin,pkn,
pipl coin,pipl,piplcoin.com
play2live,luc,play2live.io
polybius,PLBT,polybius.io
qbic,qbic,
redbulldoge,redbulldoge,redbulldoge.com
reecoin,ree,bitcointalk.org
reecoin,ree,twitter.com
sia cash coin,scc,
smartfox,fox,smartfox.network
solid sources,ICO,solidsources.org
stox,stx,stox.com
sumocoin,sumo,
swisscoin,SIC,
terraminer,trm,terraminer.online
test,test,
travelflex,trf,
tronclassic,trxc,tronclassic.org
truecoin,tuc,truecoinwallet.com
uHUB token,HUB,bitcointalk.org
ucoincash,ucoin,sficoin.co
upstake,updc,upstake.com
valuto,vlu,
vereum,VMC,vereum.io
veritaseum,veri,
vitrocoin,vtc,
voise,VOISE,voise.com
w3c,w3coin,
w3coin,w3c,coinmarketcap.com
wink,wink,bitcointalk.org
xDra,xDra,bitcointalk.org
xgs,genesis,genesisx.net
xrpzero,nil,
